Cluster,Avg_Recency,Avg_Frequency,Avg_Monetary,Customer_Count,Cluster_Size_Percentage
0,248.0483234714004,1.7090729783037475,389.0569240631164,1014,23.466790094885443
1,48.63028313500205,2.991382847763644,764.9094883052934,2437,56.3989817171951
2,23.464367816091954,15.040229885057471,6959.433114942528,870,20.13422818791946
